;;;;;;;; 20 202 ;;;;
Tid;Varenr;GTIN;Varetekst;Batchnummer;Ĺrsak;Type;Til SSCC;Endring primćr;Beholdn. primćr;Bestillingsnr;Best fřr;Lastebćrer
23.04.2025 10:53;885871;7037619050327;LASAGNE FAMILIEPAKNING;2749936;Varemottak;Registrering;370376100451529748;115;115.00 D-pak;2600015470;14.02.2027;NLP Plastpall 1/1 Grĺ
23.04.2025 10:54;885871;7037619050327;LASAGNE FAMILIEPAKNING;2749936;Varemottak;Registrering;370376100451530126;115;115.00 D-pak;2600015470;14.02.2027;NLP Plastpall 1/1 Grĺ
28.04.2025 11:53;885871;7037619050327;LASAGNE FAMILIEPAKNING;2752764;Varemottak;Registrering;370376100451667525;115;115.00 D-pak;2600016976;24.02.2027;NLP Plastpall 1/1 Grĺ
28.04.2025 11:53;885871;7037619050327;LASAGNE FAMILIEPAKNING;2752764;Varemottak;Registrering;370376100451679436;115;115.00 D-pak;2600016976;24.02.2027;NLP Plastpall 1/1 Grĺ
28.04.2025 11:56;885871;7037619050327;LASAGNE FAMILIEPAKNING;2752764;Varemottak;Registrering;370376100451689954;115;115.00 D-pak;2600016976;24.02.2027;NLP Plastpall 1/1 Grĺ
28.04.2025 11:57;885871;7037619050327;LASAGNE FAMILIEPAKNING;2752764;Varemottak;Registrering;370376100451675384;115;115.00 D-pak;2600016976;24.02.2027;NLP Plastpall 1/1 Grĺ
05.05.2025 10:58;885871;7037619050327;LASAGNE FAMILIEPAKNING;2752764;Varemottak;Registrering;370376100451695764;115;115.00 D-pak;2600019460;24.02.2027;NLP Plastpall 1/1 Grĺ
12.05.2025 12:30;885871;7037619050327;LASAGNE FAMILIEPAKNING;2752764;Varemottak;Registrering;370376100451691575;115;115.00 D-pak;2600021386;24.02.2027;NLP Plastpall 1/1 Grĺ
12.05.2025 12:33;885871;7037619050327;LASAGNE FAMILIEPAKNING;2752764;Varemottak;Registrering;370376100451679078;115;115.00 D-pak;2600021386;24.02.2027;NLP Plastpall 1/1 Grĺ
19.05.2025 11:03;885871;7037619050327;LASAGNE FAMILIEPAKNING;2752764;Varemottak;Registrering;370376100451658011;115;115.00 D-pak;2600023699;24.02.2027;NLP Plastpall 1/1 Grĺ
19.05.2025 12:27;885871;7037619050327;LASAGNE FAMILIEPAKNING;2752764;Varemottak;Registrering;370376100451675827;115;115.00 D-pak;2600023699;24.02.2027;NLP Plastpall 1/1 Grĺ
05.06.2025 12:15;885871;7037619050327;LASAGNE FAMILIEPAKNING;2752764;Varemottak;Registrering;370376100451684836;115;115.00 D-pak;2600028424;24.02.2027;NLP Plastpall 1/1 Grĺ
16.06.2025 06:38;885871;7037619050327;LASAGNE FAMILIEPAKNING;2752764;Varemottak;Registrering;370376100451689930;115;115.00 D-pak;2600030221;24.02.2027;NLP Plastpall 1/1 Grĺ
16.06.2025 16:52;885871;7037619050327;LASAGNE FAMILIEPAKNING;2752764;Varemottak;Registrering;370376100451694224;115;115.00 D-pak;2600029441;24.02.2027;NLP Plastpall 1/1 Grĺ
16.06.2025 16:54;885871;7037619050327;LASAGNE FAMILIEPAKNING;2752764;Varemottak;Registrering;370376100451665088;115;115.00 D-pak;2600031030;24.02.2027;NLP Plastpall 1/1 Grĺ
16.06.2025 16:55;885871;7037619050327;LASAGNE FAMILIEPAKNING;2752764;Varemottak;Registrering;370376100451664913;115;115.00 D-pak;2600031030;24.02.2027;NLP Plastpall 1/1 Grĺ
23.06.2025 12:45;885871;7037619050327;LASAGNE FAMILIEPAKNING;2752764;Varemottak;Registrering;370376100451692008;115;115.00 D-pak;2600033194;24.02.2027;NLP Plastpall 1/1 Grĺ
28.07.2025 13:21;885871;7037619050327;LASAGNE FAMILIEPAKNING;2771463;Varemottak;Registrering;370376100452464802;115;115.00 D-pak;2600043454;09.06.2027;NLP Plastpall 1/1 Grĺ
04.08.2025 13:51;885871;7037619050327;LASAGNE FAMILIEPAKNING;2771463;Varemottak;Registrering;370376100452425124;115;115.00 D-pak;2600045395;09.06.2027;NLP Plastpall 1/1 Grĺ
04.08.2025 13:51;885871;7037619050327;LASAGNE FAMILIEPAKNING;2771463;Varemottak;Registrering;370376100452425414;115;115.00 D-pak;2600045395;09.06.2027;NLP Plastpall 1/1 Grĺ
01.09.2025 11:42;885871;7037619050327;LASAGNE FAMILIEPAKNING;2771463;Varemottak;Registrering;370376100452453516;115;115.00 D-pak;2600054016;09.06.2027;NLP Plastpall 1/1 Grĺ
01.09.2025 11:42;885871;7037619050327;LASAGNE FAMILIEPAKNING;2771463;Varemottak;Registrering;370376100452451451;115;115.00 D-pak;2600054016;09.06.2027;NLP Plastpall 1/1 Grĺ
05.09.2025 10:11;885871;7037619050327;LASAGNE FAMILIEPAKNING;2779578;Varemottak;Registrering;370376100452681513;115;115.00 D-pak;2600055350;18.07.2027;NLP Plastpall 1/1 Grĺ
05.09.2025 10:11;885871;7037619050327;LASAGNE FAMILIEPAKNING;2779578;Varemottak;Registrering;370376100452677493;115;115.00 D-pak;2600055350;18.07.2027;NLP Plastpall 1/1 Grĺ
05.09.2025 10:17;885871;7037619050327;LASAGNE FAMILIEPAKNING;2779578;Varemottak;Registrering;370376100452694339;115;115.00 D-pak;2600055350;18.07.2027;NLP Plastpall 1/1 Grĺ
05.09.2025 10:17;885871;7037619050327;LASAGNE FAMILIEPAKNING;2779578;Varemottak;Registrering;370376100452704076;115;115.00 D-pak;2600055350;18.07.2027;NLP Plastpall 1/1 Grĺ
18.09.2025 12:01;885871;7037619050327;LASAGNE FAMILIEPAKNING;2778304;Varemottak;Registrering;357010418016679769;115;115.00 D-pak;2600060066;27.06.2027;NLP Plastpall 1/1 Grĺ
18.09.2025 12:01;885871;7037619050327;LASAGNE FAMILIEPAKNING;2778304;Varemottak;Registrering;357010418016679790;115;115.00 D-pak;2600060066;27.06.2027;NLP Plastpall 1/1 Grĺ
29.09.2025 12:08;885871;7037619050327;LASAGNE FAMILIEPAKNING;2781202;Varemottak;Registrering;370376100452797030;115;115.00 D-pak;2600063879;29.07.2027;NLP Plastpall 1/1 Grĺ
29.09.2025 12:09;885871;7037619050327;LASAGNE FAMILIEPAKNING;2781202;Varemottak;Registrering;370376100452803229;115;115.00 D-pak;2600063879;29.07.2027;NLP Plastpall 1/1 Grĺ
13.10.2025 12:59;885871;7037619050327;LASAGNE FAMILIEPAKNING;2787066;Varemottak;Registrering;370376100453116281;115;115.00 D-pak;2600068781;29.08.2027;NLP Plastpall 1/1 Grĺ
13.10.2025 13:06;885871;7037619050327;LASAGNE FAMILIEPAKNING;2783815;Varemottak;Registrering;370376100453462623;115;115.00 D-pak;2600068781;03.08.2027;NLP Plastpall 1/1 Grĺ
15.10.2025 10:41;885871;7037619050327;LASAGNE FAMILIEPAKNING;2789082;Varemottak;Registrering;370376100453288902;115;115.00 D-pak;2600069529;13.09.2027;NLP Plastpall 1/1 Grĺ
15.10.2025 10:42;885871;7037619050327;LASAGNE FAMILIEPAKNING;2789082;Varemottak;Registrering;370376100453297195;115;115.00 D-pak;2600069529;13.09.2027;NLP Plastpall 1/1 Grĺ
15.10.2025 10:42;885871;7037619050327;LASAGNE FAMILIEPAKNING;2789082;Varemottak;Registrering;370376100453293777;115;115.00 D-pak;2600069529;13.09.2027;NLP Plastpall 1/1 Grĺ
15.10.2025 10:42;885871;7037619050327;LASAGNE FAMILIEPAKNING;2789082;Varemottak;Registrering;370376100453289978;115;115.00 D-pak;2600069529;13.09.2027;NLP Plastpall 1/1 Grĺ
15.10.2025 11:39;885871;7037619050327;LASAGNE FAMILIEPAKNING;2792195;Varemottak;Registrering;370376100453381108;115;115.00 D-pak;2600069529;22.09.2027;NLP Plastpall 1/1 Grĺ
15.10.2025 11:39;885871;7037619050327;LASAGNE FAMILIEPAKNING;2789082;Varemottak;Registrering;370376100453289770;115;115.00 D-pak;2600069529;13.09.2027;NLP Plastpall 1/1 Grĺ
15.10.2025 11:39;885871;7037619050327;LASAGNE FAMILIEPAKNING;2789082;Varemottak;Registrering;370376100453290059;115;115.00 D-pak;2600069529;13.09.2027;NLP Plastpall 1/1 Grĺ
15.10.2025 11:39;885871;7037619050327;LASAGNE FAMILIEPAKNING;2789082;Varemottak;Registrering;370376100453290882;115;115.00 D-pak;2600069529;13.09.2027;NLP Plastpall 1/1 Grĺ
15.10.2025 11:39;885871;7037619050327;LASAGNE FAMILIEPAKNING;2789082;Varemottak;Registrering;370376100453289107;115;115.00 D-pak;2600069529;13.09.2027;NLP Plastpall 1/1 Grĺ
15.10.2025 11:40;885871;7037619050327;LASAGNE FAMILIEPAKNING;2789082;Varemottak;Registrering;370376100453281460;115;115.00 D-pak;2600069529;13.09.2027;NLP Plastpall 1/1 Grĺ
17.10.2025 06:44;885871;7037619050327;LASAGNE FAMILIEPAKNING;2792195;Varemottak;Registrering;370376100453371802;115;115.00 D-pak;2600069650;22.09.2027;NLP Plastpall 1/1 Grĺ
17.10.2025 06:44;885871;7037619050327;LASAGNE FAMILIEPAKNING;2792195;Varemottak;Registrering;370376100453371253;115;115.00 D-pak;2600069650;22.09.2027;NLP Plastpall 1/1 Grĺ
17.10.2025 06:45;885871;7037619050327;LASAGNE FAMILIEPAKNING;2792195;Varemottak;Registrering;370376100453373547;115;115.00 D-pak;2600069650;22.09.2027;NLP Plastpall 1/1 Grĺ
17.10.2025 06:45;885871;7037619050327;LASAGNE FAMILIEPAKNING;2792195;Varemottak;Registrering;370376100453388343;115;115.00 D-pak;2600069650;22.09.2027;NLP Plastpall 1/1 Grĺ
17.10.2025 06:45;885871;7037619050327;LASAGNE FAMILIEPAKNING;2792195;Varemottak;Registrering;370376100453370263;115;115.00 D-pak;2600069650;22.09.2027;NLP Plastpall 1/1 Grĺ
17.10.2025 06:45;885871;7037619050327;LASAGNE FAMILIEPAKNING;2792195;Varemottak;Registrering;370376100453380033;115;115.00 D-pak;2600069650;22.09.2027;NLP Plastpall 1/1 Grĺ
17.10.2025 06:45;885871;7037619050327;LASAGNE FAMILIEPAKNING;2792195;Varemottak;Registrering;370376100453377880;115;115.00 D-pak;2600069650;22.09.2027;NLP Plastpall 1/1 Grĺ
17.10.2025 06:45;885871;7037619050327;LASAGNE FAMILIEPAKNING;2792195;Varemottak;Registrering;370376100453391299;115;115.00 D-pak;2600069650;22.09.2027;NLP Plastpall 1/1 Grĺ
17.10.2025 06:45;885871;7037619050327;LASAGNE FAMILIEPAKNING;2792195;Varemottak;Registrering;370376100453388916;115;115.00 D-pak;2600069650;22.09.2027;NLP Plastpall 1/1 Grĺ
17.10.2025 06:45;885871;7037619050327;LASAGNE FAMILIEPAKNING;2792195;Varemottak;Registrering;370376100453383461;115;115.00 D-pak;2600069650;22.09.2027;NLP Plastpall 1/1 Grĺ
17.10.2025 06:45;885871;7037619050327;LASAGNE FAMILIEPAKNING;2792195;Varemottak;Registrering;370376100453374803;115;115.00 D-pak;2600069650;22.09.2027;NLP Plastpall 1/1 Grĺ
17.10.2025 06:45;885871;7037619050327;LASAGNE FAMILIEPAKNING;2792195;Varemottak;Registrering;370376100453370300;115;115.00 D-pak;2600069650;22.09.2027;NLP Plastpall 1/1 Grĺ
17.10.2025 06:45;885871;7037619050327;LASAGNE FAMILIEPAKNING;2792195;Varemottak;Registrering;370376100453375435;115;115.00 D-pak;2600069650;22.09.2027;NLP Plastpall 1/1 Grĺ
17.10.2025 06:45;885871;7037619050327;LASAGNE FAMILIEPAKNING;2792195;Varemottak;Registrering;370376100453371574;115;115.00 D-pak;2600069650;22.09.2027;NLP Plastpall 1/1 Grĺ
17.10.2025 06:45;885871;7037619050327;LASAGNE FAMILIEPAKNING;2792195;Varemottak;Registrering;370376100453370126;115;115.00 D-pak;2600069650;22.09.2027;NLP Plastpall 1/1 Grĺ
17.10.2025 06:46;885871;7037619050327;LASAGNE FAMILIEPAKNING;2792195;Varemottak;Registrering;370376100453375633;115;115.00 D-pak;2600069650;22.09.2027;NLP Plastpall 1/1 Grĺ
17.10.2025 06:46;885871;7037619050327;LASAGNE FAMILIEPAKNING;2792195;Varemottak;Registrering;370376100453370706;115;115.00 D-pak;2600069650;22.09.2027;NLP Plastpall 1/1 Grĺ
17.10.2025 06:46;885871;7037619050327;LASAGNE FAMILIEPAKNING;2792195;Varemottak;Registrering;370376100453376449;115;115.00 D-pak;2600069650;22.09.2027;NLP Plastpall 1/1 Grĺ
17.10.2025 06:46;885871;7037619050327;LASAGNE FAMILIEPAKNING;2792195;Varemottak;Registrering;370376100453370317;115;115.00 D-pak;2600069650;22.09.2027;NLP Plastpall 1/1 Grĺ
17.10.2025 06:46;885871;7037619050327;LASAGNE FAMILIEPAKNING;2792195;Varemottak;Registrering;370376100453376166;115;115.00 D-pak;2600069650;22.09.2027;NLP Plastpall 1/1 Grĺ
17.10.2025 06:46;885871;7037619050327;LASAGNE FAMILIEPAKNING;2792195;Varemottak;Registrering;370376100453377682;115;115.00 D-pak;2600069650;22.09.2027;NLP Plastpall 1/1 Grĺ
17.10.2025 06:46;885871;7037619050327;LASAGNE FAMILIEPAKNING;2792195;Varemottak;Registrering;370376100453388763;115;115.00 D-pak;2600069650;22.09.2027;NLP Plastpall 1/1 Grĺ
17.10.2025 06:46;885871;7037619050327;LASAGNE FAMILIEPAKNING;2792195;Varemottak;Registrering;370376100453376180;115;115.00 D-pak;2600069650;22.09.2027;NLP Plastpall 1/1 Grĺ
17.10.2025 06:46;885871;7037619050327;LASAGNE FAMILIEPAKNING;2792195;Varemottak;Registrering;370376100453375794;115;115.00 D-pak;2600069650;22.09.2027;NLP Plastpall 1/1 Grĺ
17.10.2025 06:46;885871;7037619050327;LASAGNE FAMILIEPAKNING;2792195;Varemottak;Registrering;370376100453378382;115;115.00 D-pak;2600069650;22.09.2027;NLP Plastpall 1/1 Grĺ
21.10.2025 10:07;885871;7037619050327;LASAGNE FAMILIEPAKNING;2795253;Varemottak;Registrering;370376100453560268;115;115.00 D-pak;2600069649;30.09.2027;NLP Plastpall 1/1 Grĺ
21.10.2025 10:07;885871;7037619050327;LASAGNE FAMILIEPAKNING;2795253;Varemottak;Registrering;370376100453564051;115;115.00 D-pak;2600069649;30.09.2027;NLP Plastpall 1/1 Grĺ
21.10.2025 10:07;885871;7037619050327;LASAGNE FAMILIEPAKNING;2795253;Varemottak;Registrering;370376100453562149;115;115.00 D-pak;2600069649;30.09.2027;NLP Plastpall 1/1 Grĺ
21.10.2025 10:07;885871;7037619050327;LASAGNE FAMILIEPAKNING;2795253;Varemottak;Registrering;370376100453537024;115;115.00 D-pak;2600069649;30.09.2027;NLP Plastpall 1/1 Grĺ
21.10.2025 10:07;885871;7037619050327;LASAGNE FAMILIEPAKNING;2795253;Varemottak;Registrering;370376100453554243;115;115.00 D-pak;2600069649;30.09.2027;NLP Plastpall 1/1 Grĺ
21.10.2025 10:07;885871;7037619050327;LASAGNE FAMILIEPAKNING;2795253;Varemottak;Registrering;370376100453485097;115;115.00 D-pak;2600069649;30.09.2027;NLP Plastpall 1/1 Grĺ
21.10.2025 10:07;885871;7037619050327;LASAGNE FAMILIEPAKNING;2795253;Varemottak;Registrering;370376100453537260;115;115.00 D-pak;2600069649;30.09.2027;NLP Plastpall 1/1 Grĺ
21.10.2025 10:07;885871;7037619050327;LASAGNE FAMILIEPAKNING;2795253;Varemottak;Registrering;370376100453535204;115;115.00 D-pak;2600069649;30.09.2027;NLP Plastpall 1/1 Grĺ
21.10.2025 10:07;885871;7037619050327;LASAGNE FAMILIEPAKNING;2795253;Varemottak;Registrering;370376100453560145;115;115.00 D-pak;2600069649;30.09.2027;NLP Plastpall 1/1 Grĺ
21.10.2025 10:07;885871;7037619050327;LASAGNE FAMILIEPAKNING;2795253;Varemottak;Registrering;370376100453565393;115;115.00 D-pak;2600069649;30.09.2027;NLP Plastpall 1/1 Grĺ
21.10.2025 10:07;885871;7037619050327;LASAGNE FAMILIEPAKNING;2795253;Varemottak;Registrering;370376100453537277;115;115.00 D-pak;2600069649;30.09.2027;NLP Plastpall 1/1 Grĺ
21.10.2025 10:09;885871;7037619050327;LASAGNE FAMILIEPAKNING;2795253;Varemottak;Registrering;370376100453508888;115;115.00 D-pak;2600069649;30.09.2027;NLP Plastpall 1/1 Grĺ
21.10.2025 10:09;885871;7037619050327;LASAGNE FAMILIEPAKNING;2795253;Varemottak;Registrering;370376100453514926;115;115.00 D-pak;2600069649;30.09.2027;NLP Plastpall 1/1 Grĺ
21.10.2025 10:09;885871;7037619050327;LASAGNE FAMILIEPAKNING;2795253;Varemottak;Registrering;370376100453538007;115;115.00 D-pak;2600069649;30.09.2027;NLP Plastpall 1/1 Grĺ
21.10.2025 10:09;885871;7037619050327;LASAGNE FAMILIEPAKNING;2795253;Varemottak;Registrering;370376100453536232;115;115.00 D-pak;2600069649;30.09.2027;NLP Plastpall 1/1 Grĺ
21.10.2025 10:09;885871;7037619050327;LASAGNE FAMILIEPAKNING;2795253;Varemottak;Registrering;370376100453563597;115;115.00 D-pak;2600069649;30.09.2027;NLP Plastpall 1/1 Grĺ
21.10.2025 10:09;885871;7037619050327;LASAGNE FAMILIEPAKNING;2795253;Varemottak;Registrering;370376100453558470;115;115.00 D-pak;2600069649;30.09.2027;NLP Plastpall 1/1 Grĺ
21.10.2025 10:09;885871;7037619050327;LASAGNE FAMILIEPAKNING;2795253;Varemottak;Registrering;370376100453501490;115;115.00 D-pak;2600069649;30.09.2027;NLP Plastpall 1/1 Grĺ
21.10.2025 10:09;885871;7037619050327;LASAGNE FAMILIEPAKNING;2795253;Varemottak;Registrering;370376100453484298;115;115.00 D-pak;2600069649;30.09.2027;NLP Plastpall 1/1 Grĺ
21.10.2025 10:25;885871;7037619050327;LASAGNE FAMILIEPAKNING;2795253;Varemottak;Registrering;370376100453504385;115;115.00 D-pak;2600069649;30.09.2027;NLP Plastpall 1/1 Grĺ
21.10.2025 10:25;885871;7037619050327;LASAGNE FAMILIEPAKNING;2795253;Varemottak;Registrering;370376100453532937;115;115.00 D-pak;2600069649;30.09.2027;NLP Plastpall 1/1 Grĺ
21.10.2025 10:25;885871;7037619050327;LASAGNE FAMILIEPAKNING;2795253;Varemottak;Registrering;370376100453501933;115;115.00 D-pak;2600069649;30.09.2027;NLP Plastpall 1/1 Grĺ
21.10.2025 10:25;885871;7037619050327;LASAGNE FAMILIEPAKNING;2795253;Varemottak;Registrering;370376100453535129;115;115.00 D-pak;2600069649;30.09.2027;NLP Plastpall 1/1 Grĺ
21.10.2025 10:25;885871;7037619050327;LASAGNE FAMILIEPAKNING;2795253;Varemottak;Registrering;370376100453485042;115;115.00 D-pak;2600069649;30.09.2027;NLP Plastpall 1/1 Grĺ
21.10.2025 10:25;885871;7037619050327;LASAGNE FAMILIEPAKNING;2795253;Varemottak;Registrering;370376100453505924;115;115.00 D-pak;2600069649;30.09.2027;NLP Plastpall 1/1 Grĺ
21.10.2025 10:25;885871;7037619050327;LASAGNE FAMILIEPAKNING;2795253;Varemottak;Registrering;370376100453562880;115;115.00 D-pak;2600069649;30.09.2027;NLP Plastpall 1/1 Grĺ
24.10.2025 07:35;885871;7037619050327;LASAGNE FAMILIEPAKNING;2795253;Varemottak;Registrering;370376100453495737;115;115.00 D-pak;2600072224;30.09.2027;NLP Plastpall 1/1 Grĺ
24.10.2025 07:35;885871;7037619050327;LASAGNE FAMILIEPAKNING;2795253;Varemottak;Registrering;370376100453485172;115;115.00 D-pak;2600072224;30.09.2027;NLP Plastpall 1/1 Grĺ
24.10.2025 07:35;885871;7037619050327;LASAGNE FAMILIEPAKNING;2795253;Varemottak;Registrering;370376100453557596;115;115.00 D-pak;2600072224;30.09.2027;NLP Plastpall 1/1 Grĺ
24.10.2025 07:38;885871;7037619050327;LASAGNE FAMILIEPAKNING;2795253;Varemottak;Registrering;370376100453514698;115;115.00 D-pak;2600072224;30.09.2027;NLP Plastpall 1/1 Grĺ
31.10.2025 08:09;885871;7037619050327;LASAGNE FAMILIEPAKNING;2795253;Varemottak;Registrering;370376100453550863;115;115.00 D-pak;2600074672;30.09.2027;NLP Plastpall 1/1 Grĺ
31.10.2025 08:09;885871;7037619050327;LASAGNE FAMILIEPAKNING;2795253;Varemottak;Registrering;370376100453589139;115;115.00 D-pak;2600074672;30.09.2027;NLP Plastpall 1/1 Grĺ
31.10.2025 08:10;885871;7037619050327;LASAGNE FAMILIEPAKNING;2795253;Varemottak;Registrering;370376100453553628;115;115.00 D-pak;2600074672;30.09.2027;NLP Plastpall 1/1 Grĺ
31.10.2025 08:10;885871;7037619050327;LASAGNE FAMILIEPAKNING;2795253;Varemottak;Registrering;370376100453567588;115;115.00 D-pak;2600074672;30.09.2027;NLP Plastpall 1/1 Grĺ
03.11.2025 12:20;885871;7037619050327;LASAGNE FAMILIEPAKNING;2799090;Varemottak;Registrering;370376100453676259;115;115.00 D-pak;2600075681;11.10.2027;NLP Plastpall 1/1 Grĺ
03.11.2025 12:21;885871;7037619050327;LASAGNE FAMILIEPAKNING;2799090;Varemottak;Registrering;370376100453651768;115;115.00 D-pak;2600075681;11.10.2027;NLP Plastpall 1/1 Grĺ
03.11.2025 12:56;885871;7037619050327;LASAGNE FAMILIEPAKNING;2799090;Varemottak;Registrering;370376100453671780;115;115.00 D-pak;2600075681;11.10.2027;NLP Plastpall 1/1 Grĺ
03.11.2025 13:01;885871;7037619050327;LASAGNE FAMILIEPAKNING;2799090;Varemottak;Registrering;370376100453650532;115;115.00 D-pak;2600075681;11.10.2027;NLP Plastpall 1/1 Grĺ
07.11.2025 08:58;885871;7037619050327;LASAGNE FAMILIEPAKNING;2799090;Varemottak;Registrering;370376100453636390;115;115.00 D-pak;2600077141;11.10.2027;NLP Plastpall 1/1 Grĺ
22.12.2025 14:04;885871;7037619050327;LASAGNE FAMILIEPAKNING;2799090;Varemottak;Registrering;370376100453682199;115;115.00 D-pak;2600093467;11.10.2027;NLP Plastpall 1/1 Grĺ
22.12.2025 14:04;885871;7037619050327;LASAGNE FAMILIEPAKNING;2799090;Varemottak;Registrering;370376100453681864;115;115.00 D-pak;2600093467;11.10.2027;NLP Plastpall 1/1 Grĺ
09.01.2026 06:20;885871;7037619050327;LASAGNE FAMILIEPAKNING;2799090;Varemottak;Registrering;370376100453651645;115;115.00 D-pak;2600095805;11.10.2027;NLP Plastpall 1/1 Grĺ
09.01.2026 06:20;885871;7037619050327;LASAGNE FAMILIEPAKNING;2799090;Varemottak;Registrering;370376100453682342;115;115.00 D-pak;2600095805;11.10.2027;NLP Plastpall 1/1 Grĺ
09.01.2026 08:41;885871;7037619050327;LASAGNE FAMILIEPAKNING;2799090;Varemottak;Registrering;370376100453646498;115;115.00 D-pak;2600096984;11.10.2027;NLP Plastpall 1/1 Grĺ
09.01.2026 08:49;885871;7037619050327;LASAGNE FAMILIEPAKNING;2799090;Varemottak;Registrering;370376100453651935;115;115.00 D-pak;2600096984;11.10.2027;NLP Plastpall 1/1 Grĺ
16.01.2026 06:39;885871;7037619050327;LASAGNE FAMILIEPAKNING;2804514;Varemottak;Registrering;370376100453973341;115;115.00 D-pak;2600099062;08.11.2027;NLP Plastpall 1/1 Grĺ
16.01.2026 06:39;885871;7037619050327;LASAGNE FAMILIEPAKNING;2804514;Varemottak;Registrering;370376100453970708;115;115.00 D-pak;2600099062;08.11.2027;NLP Plastpall 1/1 Grĺ
16.01.2026 06:39;885871;7037619050327;LASAGNE FAMILIEPAKNING;2804514;Varemottak;Registrering;370376100453970685;115;115.00 D-pak;2600099062;08.11.2027;NLP Plastpall 1/1 Grĺ
16.01.2026 06:39;885871;7037619050327;LASAGNE FAMILIEPAKNING;2804514;Varemottak;Registrering;370376100453970913;115;115.00 D-pak;2600099062;08.11.2027;NLP Plastpall 1/1 Grĺ
16.01.2026 06:39;885871;7037619050327;LASAGNE FAMILIEPAKNING;2804514;Varemottak;Registrering;370376100453975727;115;115.00 D-pak;2600099062;08.11.2027;NLP Plastpall 1/1 Grĺ
16.01.2026 06:39;885871;7037619050327;LASAGNE FAMILIEPAKNING;2804514;Varemottak;Registrering;370376100453969351;115;115.00 D-pak;2600099062;08.11.2027;NLP Plastpall 1/1 Grĺ
22.01.2026 12:10;885871;7037619050327;LASAGNE FAMILIEPAKNING;2809377;Varemottak;Registrering;370376100454066479;115;115.00 D-pak;2600101743;15.11.2027;NLP Plastpall 1/1 Grĺ
22.01.2026 12:10;885871;7037619050327;LASAGNE FAMILIEPAKNING;2809377;Varemottak;Registrering;370376100454064543;115;115.00 D-pak;2600101743;15.11.2027;NLP Plastpall 1/1 Grĺ
22.01.2026 12:11;885871;7037619050327;LASAGNE FAMILIEPAKNING;2809377;Varemottak;Registrering;370376100454065649;115;115.00 D-pak;2600101743;15.11.2027;NLP Plastpall 1/1 Grĺ
22.01.2026 12:11;885871;7037619050327;LASAGNE FAMILIEPAKNING;2812506;Varemottak;Registrering;370376100454270920;115;115.00 D-pak;2600101743;06.12.2027;NLP Plastpall 1/1 Grĺ
22.01.2026 12:11;885871;7037619050327;LASAGNE FAMILIEPAKNING;2809377;Varemottak;Registrering;370376100454054346;115;115.00 D-pak;2600101743;15.11.2027;NLP Plastpall 1/1 Grĺ
22.01.2026 12:11;885871;7037619050327;LASAGNE FAMILIEPAKNING;2809377;Varemottak;Registrering;370376100454065199;115;115.00 D-pak;2600101743;15.11.2027;NLP Plastpall 1/1 Grĺ
22.01.2026 12:11;885871;7037619050327;LASAGNE FAMILIEPAKNING;2816752;Varemottak;Registrering;370376100454412542;115;115.00 D-pak;2600101743;30.12.2027;NLP Plastpall 1/1 Grĺ
22.01.2026 12:12;885871;7037619050327;LASAGNE FAMILIEPAKNING;2819915;Varemottak;Registrering;370376100454533438;115;115.00 D-pak;2600101743;09.01.2028;NLP Plastpall 1/1 Grĺ
22.01.2026 12:12;885871;7037619050327;LASAGNE FAMILIEPAKNING;2819915;Varemottak;Registrering;370376100454532974;115;115.00 D-pak;2600101743;09.01.2028;NLP Plastpall 1/1 Grĺ
22.01.2026 12:12;885871;7037619050327;LASAGNE FAMILIEPAKNING;2809377;Varemottak;Registrering;370376100454065236;115;115.00 D-pak;2600101743;15.11.2027;NLP Plastpall 1/1 Grĺ
22.01.2026 12:12;885871;7037619050327;LASAGNE FAMILIEPAKNING;2819915;Varemottak;Registrering;370376100454532509;115;115.00 D-pak;2600101743;09.01.2028;NLP Plastpall 1/1 Grĺ
22.01.2026 12:13;885871;7037619050327;LASAGNE FAMILIEPAKNING;2809377;Varemottak;Registrering;370376100454059747;115;115.00 D-pak;2600101743;15.11.2027;NLP Plastpall 1/1 Grĺ
22.01.2026 12:13;885871;7037619050327;LASAGNE FAMILIEPAKNING;2819915;Varemottak;Registrering;370376100454533513;115;115.00 D-pak;2600101743;09.01.2028;NLP Plastpall 1/1 Grĺ
22.01.2026 12:13;885871;7037619050327;LASAGNE FAMILIEPAKNING;2809377;Varemottak;Registrering;370376100454054315;115;115.00 D-pak;2600101743;15.11.2027;NLP Plastpall 1/1 Grĺ
22.01.2026 12:13;885871;7037619050327;LASAGNE FAMILIEPAKNING;2819915;Varemottak;Registrering;370376100454533452;115;115.00 D-pak;2600101743;09.01.2028;NLP Plastpall 1/1 Grĺ
22.01.2026 12:14;885871;7037619050327;LASAGNE FAMILIEPAKNING;2809377;Varemottak;Registrering;370376100454074634;115;115.00 D-pak;2600101743;15.11.2027;NLP Plastpall 1/1 Grĺ
23.01.2026 08:19;885871;7037619050327;LASAGNE FAMILIEPAKNING;2809377;Varemottak;Registrering;370376100454535920;77;77.00 D-pak;2600101754;15.11.2027;NLP Plastpall 1/1 Grĺ
23.01.2026 08:20;885871;7037619050327;LASAGNE FAMILIEPAKNING;2809377;Varemottak;Registrering;370376100454053660;115;115.00 D-pak;2600101754;15.11.2027;NLP Plastpall 1/1 Grĺ
23.01.2026 08:21;885871;7037619050327;LASAGNE FAMILIEPAKNING;2809377;Varemottak;Registrering;370376100454053929;115;115.00 D-pak;2600101754;15.11.2027;NLP Plastpall 1/1 Grĺ
23.01.2026 08:21;885871;7037619050327;LASAGNE FAMILIEPAKNING;2809377;Varemottak;Registrering;370376100454052625;115;115.00 D-pak;2600101754;15.11.2027;NLP Plastpall 1/1 Grĺ
23.01.2026 08:21;885871;7037619050327;LASAGNE FAMILIEPAKNING;2809377;Varemottak;Registrering;370376100454053325;115;115.00 D-pak;2600101754;15.11.2027;NLP Plastpall 1/1 Grĺ
23.01.2026 08:21;885871;7037619050327;LASAGNE FAMILIEPAKNING;2809377;Varemottak;Registrering;370376100454053851;115;115.00 D-pak;2600101754;15.11.2027;NLP Plastpall 1/1 Grĺ
26.01.2026 11:53;885871;7037619050327;LASAGNE FAMILIEPAKNING;2819915;Varemottak;Registrering;370376100454576862;115;115.00 D-pak;2600102318;09.01.2028;NLP Plastpall 1/1 Grĺ
26.01.2026 11:53;885871;7037619050327;LASAGNE FAMILIEPAKNING;2819915;Varemottak;Registrering;370376100454577036;115;115.00 D-pak;2600102318;09.01.2028;NLP Plastpall 1/1 Grĺ
26.01.2026 11:53;885871;7037619050327;LASAGNE FAMILIEPAKNING;2819915;Varemottak;Registrering;370376100454575797;115;115.00 D-pak;2600102318;09.01.2028;NLP Plastpall 1/1 Grĺ
26.01.2026 11:53;885871;7037619050327;LASAGNE FAMILIEPAKNING;2819915;Varemottak;Registrering;370376100454576824;115;115.00 D-pak;2600102318;09.01.2028;NLP Plastpall 1/1 Grĺ
26.01.2026 11:53;885871;7037619050327;LASAGNE FAMILIEPAKNING;2819915;Varemottak;Registrering;370376100454568522;115;115.00 D-pak;2600102318;09.01.2028;NLP Plastpall 1/1 Grĺ
26.01.2026 11:53;885871;7037619050327;LASAGNE FAMILIEPAKNING;2819915;Varemottak;Registrering;370376100454570457;115;115.00 D-pak;2600102318;09.01.2028;NLP Plastpall 1/1 Grĺ
26.01.2026 11:53;885871;7037619050327;LASAGNE FAMILIEPAKNING;2819915;Varemottak;Registrering;370376100454576572;115;115.00 D-pak;2600102318;09.01.2028;NLP Plastpall 1/1 Grĺ
26.01.2026 11:53;885871;7037619050327;LASAGNE FAMILIEPAKNING;2819915;Varemottak;Registrering;370376100454576848;115;115.00 D-pak;2600102318;09.01.2028;NLP Plastpall 1/1 Grĺ
26.01.2026 11:53;885871;7037619050327;LASAGNE FAMILIEPAKNING;2819915;Varemottak;Registrering;370376100454572116;115;115.00 D-pak;2600102318;09.01.2028;NLP Plastpall 1/1 Grĺ
26.01.2026 11:53;885871;7037619050327;LASAGNE FAMILIEPAKNING;2819915;Varemottak;Registrering;370376100454571881;115;115.00 D-pak;2600102318;09.01.2028;NLP Plastpall 1/1 Grĺ
26.01.2026 11:54;885871;7037619050327;LASAGNE FAMILIEPAKNING;2819915;Varemottak;Registrering;370376100454570471;115;115.00 D-pak;2600102318;09.01.2028;NLP Plastpall 1/1 Grĺ
26.01.2026 11:54;885871;7037619050327;LASAGNE FAMILIEPAKNING;2819915;Varemottak;Registrering;370376100454576602;115;115.00 D-pak;2600102318;09.01.2028;NLP Plastpall 1/1 Grĺ
26.01.2026 11:54;885871;7037619050327;LASAGNE FAMILIEPAKNING;2819915;Varemottak;Registrering;370376100454576947;115;115.00 D-pak;2600102318;09.01.2028;NLP Plastpall 1/1 Grĺ
26.01.2026 11:54;885871;7037619050327;LASAGNE FAMILIEPAKNING;2819915;Varemottak;Registrering;370376100454576923;115;115.00 D-pak;2600102318;09.01.2028;NLP Plastpall 1/1 Grĺ
26.01.2026 11:54;885871;7037619050327;LASAGNE FAMILIEPAKNING;2819915;Varemottak;Registrering;370376100454575322;115;115.00 D-pak;2600102318;09.01.2028;NLP Plastpall 1/1 Grĺ
26.01.2026 11:54;885871;7037619050327;LASAGNE FAMILIEPAKNING;2819915;Varemottak;Registrering;370376100454577029;115;115.00 D-pak;2600102318;09.01.2028;NLP Plastpall 1/1 Grĺ
26.01.2026 11:54;885871;7037619050327;LASAGNE FAMILIEPAKNING;2819915;Varemottak;Registrering;370376100454576688;115;115.00 D-pak;2600102318;09.01.2028;NLP Plastpall 1/1 Grĺ
26.01.2026 11:54;885871;7037619050327;LASAGNE FAMILIEPAKNING;2819915;Varemottak;Registrering;370376100454572253;115;115.00 D-pak;2600102318;09.01.2028;NLP Plastpall 1/1 Grĺ
26.01.2026 11:54;885871;7037619050327;LASAGNE FAMILIEPAKNING;2819915;Varemottak;Registrering;370376100454576701;115;115.00 D-pak;2600102318;09.01.2028;NLP Plastpall 1/1 Grĺ
26.01.2026 11:54;885871;7037619050327;LASAGNE FAMILIEPAKNING;2819915;Varemottak;Registrering;370376100454576930;115;115.00 D-pak;2600102318;09.01.2028;NLP Plastpall 1/1 Grĺ
26.01.2026 11:58;885871;7037619050327;LASAGNE FAMILIEPAKNING;2819915;Varemottak;Registrering;370376100454571485;115;115.00 D-pak;2600102318;09.01.2028;NLP Plastpall 1/1 Grĺ
26.01.2026 11:58;885871;7037619050327;LASAGNE FAMILIEPAKNING;2819915;Varemottak;Registrering;370376100454572611;115;115.00 D-pak;2600102318;09.01.2028;NLP Plastpall 1/1 Grĺ
26.01.2026 11:58;885871;7037619050327;LASAGNE FAMILIEPAKNING;2819915;Varemottak;Registrering;370376100454574943;115;115.00 D-pak;2600102318;09.01.2028;NLP Plastpall 1/1 Grĺ
26.01.2026 11:58;885871;7037619050327;LASAGNE FAMILIEPAKNING;2819915;Varemottak;Registrering;370376100454576855;115;115.00 D-pak;2600102318;09.01.2028;NLP Plastpall 1/1 Grĺ
27.01.2026 06:52;885871;7037619050327;LASAGNE FAMILIEPAKNING;2819915;Varemottak;Registrering;370376100454577159;115;115.00 D-pak;2600102321;09.01.2028;NLP Plastpall 1/1 Grĺ
27.01.2026 06:53;885871;7037619050327;LASAGNE FAMILIEPAKNING;2819915;Varemottak;Registrering;370376100454577166;115;115.00 D-pak;2600102321;09.01.2028;NLP Plastpall 1/1 Grĺ
27.01.2026 09:48;885871;7037619050327;LASAGNE FAMILIEPAKNING;2819915;Varemottak;Registrering;370376100454572529;115;115.00 D-pak;2600102651;09.01.2028;NLP Plastpall 1/1 Grĺ
29.01.2026 13:20;885871;7037619050327;LASAGNE FAMILIEPAKNING;2819915;Varemottak;Registrering;370376100454592602;115;115.00 D-pak;2600104026;09.01.2028;NLP Plastpall 1/1 Grĺ
29.01.2026 13:20;885871;7037619050327;LASAGNE FAMILIEPAKNING;2814178;Varemottak;Registrering;370376100454635682;15;15.00 D-pak;2600104026;30.11.2027;NLP Plastpall 1/1 Grĺ
29.01.2026 13:20;885871;7037619050327;LASAGNE FAMILIEPAKNING;2809377;Varemottak;Registrering;370376100454635682;84;99.00 D-pak;2600104026;15.11.2027;NLP Plastpall 1/1 Grĺ
29.01.2026 13:20;885871;7037619050327;LASAGNE FAMILIEPAKNING;2812506;Varemottak;Registrering;370376100454635682;16;115.00 D-pak;2600104026;06.12.2027;NLP Plastpall 1/1 Grĺ
29.01.2026 13:21;885871;7037619050327;LASAGNE FAMILIEPAKNING;2819915;Varemottak;Registrering;370376100454591308;115;115.00 D-pak;2600104026;09.01.2028;NLP Plastpall 1/1 Grĺ
29.01.2026 13:21;885871;7037619050327;LASAGNE FAMILIEPAKNING;2819915;Varemottak;Registrering;370376100454575926;115;115.00 D-pak;2600104026;09.01.2028;NLP Plastpall 1/1 Grĺ
29.01.2026 13:21;885871;7037619050327;LASAGNE FAMILIEPAKNING;2819915;Varemottak;Registrering;370376100454596235;115;115.00 D-pak;2600104026;09.01.2028;NLP Plastpall 1/1 Grĺ
29.01.2026 13:22;885871;7037619050327;LASAGNE FAMILIEPAKNING;2819915;Varemottak;Registrering;370376100454590745;115;115.00 D-pak;2600104026;09.01.2028;NLP Plastpall 1/1 Grĺ
29.01.2026 13:22;885871;7037619050327;LASAGNE FAMILIEPAKNING;2819915;Varemottak;Registrering;370376100454576077;115;115.00 D-pak;2600104026;09.01.2028;NLP Plastpall 1/1 Grĺ
29.01.2026 13:23;885871;7037619050327;LASAGNE FAMILIEPAKNING;2819915;Varemottak;Registrering;370376100454588964;115;115.00 D-pak;2600104026;09.01.2028;NLP Plastpall 1/1 Grĺ
06.02.2026 07:04;885871;7037619050327;LASAGNE FAMILIEPAKNING;2819915;Varemottak;Registrering;370376100454572574;115;115.00 D-pak;2600106552;09.01.2028;NLP Plastpall 1/1 Grĺ
